Date,RMBperUSD
1/4/07,7.8073
1/5/07,7.8097
1/6/07,7.810966667
1/7/07,7.812233333
1/8/07,7.8135
1/9/07,7.8078
1/10/07,7.8081
1/11/07,7.7977
1/12/07,7.8012
1/13/07,7.798733333
1/14/07,7.796266667
1/15/07,7.7938
1/16/07,7.7895
1/17/07,7.7798
1/18/07,7.7758
1/19/07,7.7788
1/20/07,7.7792
1/21/07,7.7796
1/22/07,7.78
1/23/07,7.7815
1/24/07,7.7755
1/25/07,7.7735
1/26/07,7.7817
1/27/07,7.782333333
1/28/07,7.782966667
1/29/07,7.7836
1/30/07,7.7796
1/31/07,7.7776
2/1/07,7.7615
2/2/07,7.7613
2/3/07,7.7622
2/4/07,7.7631
2/5/07,7.764
2/6/07,7.7595
2/7/07,7.7496
2/8/07,7.7526
2/9/07,7.7575
2/10/07,7.7594
2/11/07,7.7613
2/12/07,7.7632
2/13/07,7.7662
2/14/07,7.7552
2/15/07,7.7502
2/16/07,7.7408
2/17/07,7.7417
2/18/07,7.7426
2/19/07,7.7435
2/20/07,7.7444
2/21/07,7.7453
2/22/07,7.7462
2/23/07,7.7471
2/24/07,7.748
2/25/07,7.7489
2/26/07,7.7498
2/27/07,7.7471
2/28/07,7.7409
3/1/07,7.7472
3/2/07,7.7453
3/3/07,7.743633333
3/4/07,7.741966667
3/5/07,7.7403
3/6/07,7.7453
3/7/07,7.7436
3/8/07,7.7386
3/9/07,7.7436
3/10/07,7.744866667
3/11/07,7.746133333
3/12/07,7.7474
3/13/07,7.7397
3/14/07,7.7387
3/15/07,7.742
3/16/07,7.739
3/17/07,7.7377
3/18/07,7.7364
3/19/07,7.7351
3/20/07,7.7395
3/21/07,7.7355
3/22/07,7.731
3/23/07,7.7359
3/24/07,7.737033333
3/25/07,7.738166667
3/26/07,7.7393
3/27/07,7.7343
3/28/07,7.7318
3/29/07,7.7303
3/30/07,7.7342
3/31/07,7.733
4/1/07,7.7318
4/2/07,7.7306
4/3/07,7.7277
4/4/07,7.7349
4/5/07,7.7268
4/6/07,7.7251
4/7/07,7.7264
4/8/07,7.7277
4/9/07,7.729
4/10/07,7.7304
4/11/07,7.727
4/12/07,7.7264
4/13/07,7.7244
4/14/07,7.7236
4/15/07,7.7228
4/16/07,7.722
4/17/07,7.7308
4/18/07,7.7238
4/19/07,7.7199
4/20/07,7.723
4/21/07,7.725
4/22/07,7.727
4/23/07,7.729
4/24/07,7.7293
4/25/07,7.7203
4/26/07,7.7199
4/27/07,7.7139
4/28/07,7.7111
4/29/07,7.7083
4/30/07,7.7055
5/1/07,7.7042
5/2/07,7.7029
5/3/07,7.7016
5/4/07,7.7003
5/5/07,7.699
5/6/07,7.6977
5/7/07,7.6964
5/8/07,7.6951
5/9/07,7.6971
5/10/07,7.6965
5/11/07,7.6835
5/12/07,7.6803
5/13/07,7.6771
5/14/07,7.6739
5/15/07,7.6948
5/16/07,7.684
5/17/07,7.6785
5/18/07,7.6804
5/19/07,7.675333333
5/20/07,7.670266667
5/21/07,7.6652
5/22/07,7.6551
5/23/07,7.654
5/24/07,7.6525
5/25/07,7.6523
5/26/07,7.651933333
5/27/07,7.651566667
5/28/07,7.6512
5/29/07,7.6538
5/30/07,7.6488
5/31/07,7.6506
6/1/07,7.6497
6/2/07,7.650533333
6/3/07,7.651366667
6/4/07,7.6522
6/5/07,7.6427
6/6/07,7.6398
6/7/07,7.6502
6/8/07,7.6656
6/9/07,7.6699
6/10/07,7.6742
6/11/07,7.6785
6/12/07,7.6475
6/13/07,7.6282
6/14/07,7.6258
6/15/07,7.6238
6/16/07,7.622966667
6/17/07,7.622133333
6/18/07,7.6213
6/19/07,7.6195
6/20/07,7.618
6/21/07,7.6208
6/22/07,7.6224
6/23/07,7.621333333
6/24/07,7.620266667
6/25/07,7.6192
6/26/07,7.6184
6/27/07,7.6165
6/28/07,7.6178
6/29/07,7.6155
6/30/07,7.612833333
7/1/07,7.610166667
7/2/07,7.6075
7/3/07,7.5951
7/4/07,7.6007
7/5/07,7.606
7/6/07,7.6135
7/7/07,7.611833333
7/8/07,7.610166667
7/9/07,7.6085
7/10/07,7.5845
7/11/07,7.5712
7/12/07,7.5762
7/13/07,7.5731
7/14/07,7.571433333
7/15/07,7.569766667
7/16/07,7.5681
7/17/07,7.5651
7/18/07,7.5661
7/19/07,7.5636
7/20/07,7.5712
7/21/07,7.568866667
7/22/07,7.566533333
7/23/07,7.5642
7/24/07,7.5725
7/25/07,7.5596
7/26/07,7.5789
7/27/07,7.5697
7/28/07,7.573933333
7/29/07,7.578166667
7/30/07,7.5824
7/31/07,7.5737
8/1/07,7.566
8/2/07,7.5723
8/3/07,7.5683
8/4/07,7.565466667
8/5/07,7.562633333
8/6/07,7.5598
8/7/07,7.569
8/8/07,7.5759
8/9/07,7.5648
8/10/07,7.5698
8/11/07,7.572766667
8/12/07,7.575733333
8/13/07,7.5787
8/14/07,7.5845
8/15/07,7.5921
8/16/07,7.5981
8/17/07,7.6003
8/18/07,7.5993
8/19/07,7.5983
8/20/07,7.5973
8/21/07,7.597
8/22/07,7.5987
8/23/07,7.5847
8/24/07,7.5691
8/25/07,7.567033333
8/26/07,7.564966667
8/27/07,7.5629
8/28/07,7.5545
8/29/07,7.5505
8/30/07,7.5567
8/31/07,7.5607
9/1/07,7.558666667
9/2/07,7.556633333
9/3/07,7.5546
9/4/07,7.5556
9/5/07,7.5546
9/6/07,7.541
9/7/07,7.5411
9/8/07,7.5358
9/9/07,7.5305
9/10/07,7.5252
9/11/07,7.5298
9/12/07,7.5263
9/13/07,7.5169
9/14/07,7.5222
9/15/07,7.522466667
9/16/07,7.522733333
9/17/07,7.523
9/18/07,7.5266
9/19/07,7.517
9/20/07,7.5175
9/21/07,7.505
9/22/07,7.506966667
9/23/07,7.508933333
9/24/07,7.5109
9/25/07,7.5135
9/26/07,7.5089
9/27/07,7.5157
9/28/07,7.5108
9/29/07,7.51074
9/30/07,7.51068
10/1/07,7.51062
10/2/07,7.51056
10/3/07,7.5105
10/4/07,7.51044
10/5/07,7.51038
10/6/07,7.51032
10/7/07,7.51026
10/8/07,7.5102
10/9/07,7.5232
10/10/07,7.5176
10/11/07,7.5143
10/12/07,7.5114
10/13/07,7.5127
10/14/07,7.514
10/15/07,7.5153
10/16/07,7.5136
10/17/07,7.5156
10/18/07,7.5113
10/19/07,7.5074
10/20/07,7.506766667
10/21/07,7.506133333
10/22/07,7.5055
10/23/07,7.501
10/24/07,7.4938
10/25/07,7.4867
10/26/07,7.481
10/27/07,7.477933333
10/28/07,7.474866667
10/29/07,7.4718
10/30/07,7.472
10/31/07,7.4692
11/1/07,7.4552
11/2/07,7.4624
11/3/07,7.460333333
11/4/07,7.458266667
11/5/07,7.4562
11/6/07,7.4577
11/7/07,7.4476
11/8/07,7.4251
11/9/07,7.4162
11/10/07,7.415466667
11/11/07,7.414733333
11/12/07,7.414
11/13/07,7.4309
11/14/07,7.4321
11/15/07,7.4307
11/16/07,7.4336
11/17/07,7.4325
11/18/07,7.4314
11/19/07,7.4303
11/20/07,7.4255
11/21/07,7.415
11/22/07,7.4119
11/23/07,7.3992
11/24/07,7.397533333
11/25/07,7.395866667
11/26/07,7.3942
11/27/07,7.3872
11/28/07,7.3899
11/29/07,7.3983
11/30/07,7.3997
12/1/07,7.404566667
12/2/07,7.409433333
12/3/07,7.4143
12/4/07,7.4094
12/5/07,7.3982
12/6/07,7.4205
12/7/07,7.4091
12/8/07,7.4045
12/9/07,7.3999
12/10/07,7.3953
12/11/07,7.3797
12/12/07,7.3647
12/13/07,7.3568
12/14/07,7.3589
12/15/07,7.3656
12/16/07,7.3723
12/17/07,7.379
12/18/07,7.3751
12/19/07,7.3698
12/20/07,7.3649
12/21/07,7.3572
12/22/07,7.348633333
12/23/07,7.340066667
12/24/07,7.3315
12/25/07,7.3261
12/26/07,7.3298
12/27/07,7.3079
12/28/07,7.3046
12/29/07,7.3036
12/30/07,7.3026
12/31/07,7.3016
1/1/08,7.3006
1/2/08,7.2996
1/3/08,7.2775
1/4/08,7.2779
1/5/08,7.2751
1/6/08,7.2723
1/7/08,7.2695
1/8/08,7.2791
1/9/08,7.2723
1/10/08,7.2805
1/11/08,7.2672
1/12/08,7.263666667
1/13/08,7.260133333
1/14/08,7.2566
1/15/08,7.2454
1/16/08,7.2418
1/17/08,7.2545
1/18/08,7.2571
1/19/08,7.258
1/20/08,7.2589
1/21/08,7.2598
1/22/08,7.2556
1/23/08,7.235
1/24/08,7.2293
1/25/08,7.2065
1/26/08,7.2042
1/27/08,7.2019
1/28/08,7.1996
1/29/08,7.202
1/30/08,7.1998
1/31/08,7.1853
2/1/08,7.1903
2/2/08,7.190966667
2/3/08,7.191633333
2/4/08,7.1923
2/5/08,7.1846
2/6/08,7.185925
2/7/08,7.18725
2/8/08,7.188575
2/9/08,7.1899
2/10/08,7.191225
2/11/08,7.19255
2/12/08,7.193875
2/13/08,7.1952
2/14/08,7.189
2/15/08,7.1763
2/16/08,7.1731
2/17/08,7.1699
2/18/08,7.1667
2/19/08,7.1574
2/20/08,7.1452
2/21/08,7.1503
2/22/08,7.1463
2/23/08,7.1462
2/24/08,7.1461
2/25/08,7.146
2/26/08,7.1505
2/27/08,7.1455
2/28/08,7.1209
2/29/08,7.1058
3/1/08,7.1058
3/2/08,7.1058
3/3/08,7.1058
3/4/08,7.1175
3/5/08,7.1172
3/6/08,7.1168
3/7/08,7.109
3/8/08,7.108666667
3/9/08,7.108333333
3/10/08,7.108
3/11/08,7.1029
3/12/08,7.1069
3/13/08,7.097
3/14/08,7.0882
3/15/08,7.085966667
3/16/08,7.083733333
3/17/08,7.0815
3/18/08,7.087
3/19/08,7.0648
3/20/08,7.0512
3/21/08,7.0593
3/22/08,7.0568
3/23/08,7.0543
3/24/08,7.0518
3/25/08,7.0436
3/26/08,7.0252
3/27/08,7.013
3/28/08,7.0137
3/29/08,7.015466667
3/30/08,7.017233333
3/31/08,7.019
4/1/08,7.0218
4/2/08,7.0292
4/3/08,7.0192
4/4/08,7.0149
4/5/08,7.0106
4/6/08,7.0063
4/7/08,7.002
4/8/08,7.0015
4/9/08,7.0025
4/10/08,6.992
4/11/08,7.0012
4/12/08,7.000566667
4/13/08,6.999933333
4/14/08,6.9993
4/15/08,6.9963
4/16/08,7.0047
4/17/08,6.9895
4/18/08,7.0006
4/19/08,7.003
4/20/08,7.0054
4/21/08,7.0078
4/22/08,6.9912
4/23/08,6.9837
4/24/08,6.989
4/25/08,6.9949
4/26/08,6.995933333
4/27/08,6.996966667
4/28/08,6.998
4/29/08,6.9898
4/30/08,7.0002
5/1/08,7.00048
5/2/08,7.00076
5/3/08,7.00104
5/4/08,7.00132
5/5/08,7.0016
5/6/08,6.9888
5/7/08,6.9848
5/8/08,7.001
5/9/08,7.0005
5/10/08,6.994333333
5/11/08,6.988166667
5/12/08,6.982
5/13/08,6.9887
5/14/08,6.9987
5/15/08,7
5/16/08,6.9895
5/17/08,6.9834
5/18/08,6.9773
5/19/08,6.9712
5/20/08,6.978
5/21/08,6.9597
5/22/08,6.9428
5/23/08,6.9498
5/24/08,6.9465
5/25/08,6.9432
5/26/08,6.9399
5/27/08,6.9432
5/28/08,6.9408
5/29/08,6.9402
5/30/08,6.9472
5/31/08,6.943866667
6/1/08,6.940533333
6/2/08,6.9372
6/3/08,6.9295
6/4/08,6.9356
6/5/08,6.9394
6/6/08,6.9238
6/7/08,6.922825
6/8/08,6.92185
6/9/08,6.920875
6/10/08,6.9199
6/11/08,6.9209
6/12/08,6.9015
6/13/08,6.9018
6/14/08,6.902133333
6/15/08,6.902466667
6/16/08,6.9028
6/17/08,6.8919
6/18/08,6.8823
6/19/08,6.8796
6/20/08,6.8826
6/21/08,6.8776
6/22/08,6.8726
6/23/08,6.8676
6/24/08,6.8736
6/25/08,6.8684
6/26/08,6.8634
6/27/08,6.861
6/28/08,6.860366667
6/29/08,6.859733333
6/30/08,6.8591
7/1/08,6.8608
7/2/08,6.8621
7/3/08,6.8529
7/4/08,6.8639
7/5/08,6.8615
7/6/08,6.8591
7/7/08,6.8567
7/8/08,6.8581
7/9/08,6.8632
7/10/08,6.8489
7/11/08,6.8397
7/12/08,6.835333333
7/13/08,6.830966667
7/14/08,6.8266
7/15/08,6.823
7/16/08,6.8128
7/17/08,6.8189
7/18/08,6.8238
7/19/08,6.8249
7/20/08,6.826
7/21/08,6.8271
7/22/08,6.8219
7/23/08,6.8279
7/24/08,6.8297
7/25/08,6.8255
7/26/08,6.826233333
7/27/08,6.826966667
7/28/08,6.8277
7/29/08,6.8205
7/30/08,6.8351
7/31/08,6.8388
8/1/08,6.8423
8/2/08,6.8439
8/3/08,6.8455
8/4/08,6.8471
8/5/08,6.8501
8/6/08,6.8525
8/7/08,6.8555
8/8/08,6.8585
8/9/08,6.860266667
8/10/08,6.862033333
8/11/08,6.8638
8/12/08,6.8659
8/13/08,6.8628
8/14/08,6.863
8/15/08,6.8649
8/16/08,6.865433333
8/17/08,6.865966667
8/18/08,6.8665
8/19/08,6.8599
8/20/08,6.8529
8/21/08,6.8518
8/22/08,6.8357
8/23/08,6.837033333
8/24/08,6.838366667
8/25/08,6.8397
8/26/08,6.84
8/27/08,6.8415
8/28/08,6.8326
8/29/08,6.8345
8/30/08,6.833666667
8/31/08,6.832833333
9/1/08,6.832
9/2/08,6.8359
9/3/08,6.8398
9/4/08,6.841
9/5/08,6.8436
9/6/08,6.844233333
9/7/08,6.844866667
9/8/08,6.8455
9/9/08,6.8399
9/10/08,6.8406
9/11/08,6.8457
9/12/08,6.8458
9/13/08,6.839425
9/14/08,6.83305
9/15/08,6.826675
9/16/08,6.8203
9/17/08,6.829
9/18/08,6.8201
9/19/08,6.8276
9/20/08,6.8265
9/21/08,6.8254
9/22/08,6.8243
9/23/08,6.8009
9/24/08,6.8129
9/25/08,6.8197
9/26/08,6.8183
9/27/08,6.81968
9/28/08,6.82106
9/29/08,6.82244
9/30/08,6.82382
10/1/08,6.8252
10/2/08,6.82658
10/3/08,6.82796
10/4/08,6.82934
10/5/08,6.83072
10/6/08,6.8321
10/7/08,6.8345
10/8/08,6.8319
10/9/08,6.831
10/10/08,6.8327
10/11/08,6.831366667
10/12/08,6.830033333
10/13/08,6.8287
10/14/08,6.8278
10/15/08,6.8272
10/16/08,6.8295
10/17/08,6.8311
10/18/08,6.830633333
10/19/08,6.830166667
10/20/08,6.8297
10/21/08,6.8309
10/22/08,6.8339
10/23/08,6.8368
10/24/08,6.8357
10/25/08,6.8358
10/26/08,6.8359
10/27/08,6.836
10/28/08,6.8369
10/29/08,6.8318
10/30/08,6.827
10/31/08,6.8258
11/1/08,6.8268
11/2/08,6.8278
11/3/08,6.8288
11/4/08,6.8261
11/5/08,6.824
11/6/08,6.8252
11/7/08,6.8277
11/8/08,6.826866667
11/9/08,6.826033333
11/10/08,6.8252
11/11/08,6.8265
11/12/08,6.8291
11/13/08,6.8295
11/14/08,6.8289
11/15/08,6.829366667
11/16/08,6.829833333
11/17/08,6.8303
11/18/08,6.828
11/19/08,6.8293
11/20/08,6.8307
11/21/08,6.8317
11/22/08,6.831266667
11/23/08,6.830833333
11/24/08,6.8304
11/25/08,6.8284
11/26/08,6.8272
11/27/08,6.8292
11/28/08,6.8349
11/29/08,6.8401
11/30/08,6.8453
12/1/08,6.8505
12/2/08,6.8527
12/3/08,6.8502
12/4/08,6.8502
12/5/08,6.8482
12/6/08,6.8491
12/7/08,6.85
12/8/08,6.8509
12/9/08,6.8479
12/10/08,6.8475
12/11/08,6.8471
12/12/08,6.8451
12/13/08,6.8448
12/14/08,6.8445
12/15/08,6.8442
12/16/08,6.8433
12/17/08,6.8353
12/18/08,6.8322
12/19/08,6.8357
12/20/08,6.836366667
12/21/08,6.837033333
12/22/08,6.8377
12/23/08,6.8389
12/24/08,6.8397
12/25/08,6.8366
12/26/08,6.8362
12/27/08,6.836033333
12/28/08,6.835866667
12/29/08,6.8357
12/30/08,6.8353
12/31/08,6.8346
1/1/09,6.83502
1/2/09,6.83544
1/3/09,6.83586
1/4/09,6.83628
1/5/09,6.8367
1/6/09,6.8384
1/7/09,6.8389
1/8/09,6.8375
1/9/09,6.8363
1/10/09,6.836933333
1/11/09,6.837566667
1/12/09,6.8382
1/13/09,6.8395
1/14/09,6.8399
1/15/09,6.8392
1/16/09,6.8383
1/17/09,6.837533333
1/18/09,6.836766667
1/19/09,6.836
1/20/09,6.8385
1/21/09,6.8396
1/22/09,6.8373
1/23/09,6.838
1/24/09,6.83817
1/25/09,6.83834
1/26/09,6.83851
1/27/09,6.83868
1/28/09,6.83885
1/29/09,6.83902
1/30/09,6.83919
1/31/09,6.83936
2/1/09,6.83953
2/2/09,6.8397
2/3/09,6.8398
2/4/09,6.8348
2/5/09,6.836
2/6/09,6.8371
2/7/09,6.836266667
2/8/09,6.835433333
2/9/09,6.8346
2/10/09,6.833
2/11/09,6.8337
2/12/09,6.8327
2/13/09,6.8334
2/14/09,6.8337
2/15/09,6.834
2/16/09,6.8343
2/17/09,6.8352
2/18/09,6.8363
2/19/09,6.8369
2/20/09,6.8357
2/21/09,6.835033333
2/22/09,6.834366667
2/23/09,6.8337
2/24/09,6.8358
2/25/09,6.8361
2/26/09,6.8371
2/27/09,6.8379
2/28/09,6.838233333
3/1/09,6.838566667
3/2/09,6.8389
3/3/09,6.8392
3/4/09,6.8395
3/5/09,6.8365
3/6/09,6.837
3/7/09,6.8365
3/8/09,6.836
3/9/09,6.8355
3/10/09,6.8358
3/11/09,6.8347
3/12/09,6.8339
3/13/09,6.8334
3/14/09,6.8339
3/15/09,6.8344
3/16/09,6.8349
3/17/09,6.8327
3/18/09,6.8319
3/19/09,6.8301
3/20/09,6.8293
3/21/09,6.829666667
3/22/09,6.830033333
3/23/09,6.8304
3/24/09,6.8301
3/25/09,6.8328
3/26/09,6.8321
3/27/09,6.8317
3/28/09,6.832466667
3/29/09,6.833233333
3/30/09,6.834
3/31/09,6.8359
4/1/09,6.8349
4/2/09,6.8341
4/3/09,6.832
4/4/09,6.8325
4/5/09,6.833
4/6/09,6.8335
4/7/09,6.834
4/8/09,6.837
4/9/09,6.8358
4/10/09,6.8347
4/11/09,6.8342
4/12/09,6.8337
4/13/09,6.8332
4/14/09,6.8296
4/15/09,6.8293
4/16/09,6.8301
4/17/09,6.8311
4/18/09,6.8317
4/19/09,6.8323
4/20/09,6.8329
4/21/09,6.8342
4/22/09,6.8306
4/23/09,6.8295
4/24/09,6.8273
4/25/09,6.826633333
4/26/09,6.825966667
4/27/09,6.8253
4/28/09,6.8274
4/29/09,6.8265
4/30/09,6.825
5/1/09,6.824375
5/2/09,6.82375
5/3/09,6.823125
5/4/09,6.8225
5/5/09,6.8201
5/6/09,6.8232
5/7/09,6.823
5/8/09,6.8221
5/9/09,6.822066667
5/10/09,6.822033333
5/11/09,6.822
5/12/09,6.8242
5/13/09,6.8235
5/14/09,6.825
5/15/09,6.8247
5/16/09,6.825366667
5/17/09,6.826033333
5/18/09,6.8267
5/19/09,6.826
5/20/09,6.8251
5/21/09,6.8245
5/22/09,6.8239
5/23/09,6.823766667
5/24/09,6.823633333
5/25/09,6.8235
5/26/09,6.8285
5/27/09,6.8324
5/28/09,6.83226
5/29/09,6.83212
5/30/09,6.83198
5/31/09,6.83184
6/1/09,6.8317
6/2/09,6.8309
6/3/09,6.8302
6/4/09,6.8325
6/5/09,6.8334
6/6/09,6.834433333
6/7/09,6.835466667
6/8/09,6.8365
6/9/09,6.8366
6/10/09,6.8336
6/11/09,6.8348
6/12/09,6.8325
6/13/09,6.8331
6/14/09,6.8337
6/15/09,6.8343
6/16/09,6.8368
6/17/09,6.834
6/18/09,6.8321
6/19/09,6.8338
6/20/09,6.833466667
6/21/09,6.833133333
6/22/09,6.8328
6/23/09,6.8339
6/24/09,6.8316
6/25/09,6.8331
6/26/09,6.8328
6/27/09,6.8324
6/28/09,6.832
6/29/09,6.8316
6/30/09,6.8319
7/1/09,6.8325
7/2/09,6.8309
7/3/09,6.8333
7/4/09,6.8332
7/5/09,6.8331
7/6/09,6.833
7/7/09,6.8326
7/8/09,6.8336
7/9/09,6.8325
7/10/09,6.8313
7/11/09,6.831533333
7/12/09,6.831766667
7/13/09,6.832
7/14/09,6.8332
7/15/09,6.8328
7/16/09,6.8315
7/17/09,6.831
7/18/09,6.831366667
7/19/09,6.831733333
7/20/09,6.8321
7/21/09,6.8311
7/22/09,6.8309
7/23/09,6.8307
7/24/09,6.8318
7/25/09,6.831733333
7/26/09,6.831666667
7/27/09,6.8316
7/28/09,6.831
7/29/09,6.8314
7/30/09,6.8335
7/31/09,6.8323
8/1/09,6.831866667
8/2/09,6.831433333
8/3/09,6.831
8/4/09,6.8303
8/5/09,6.8306
8/6/09,6.8304
8/7/09,6.8316
8/8/09,6.8326
8/9/09,6.8336
8/10/09,6.8346
8/11/09,6.8352
8/12/09,6.8351
8/13/09,6.8343
8/14/09,6.8328
8/15/09,6.832966667
8/16/09,6.833133333
8/17/09,6.8333
8/18/09,6.8339
8/19/09,6.8329
8/20/09,6.8318
8/21/09,6.8313
8/22/09,6.831166667
8/23/09,6.831033333
8/24/09,6.8309
8/25/09,6.8311
8/26/09,6.8313
8/27/09,6.832
8/28/09,6.8309
8/29/09,6.831
8/30/09,6.8311
8/31/09,6.8312
9/1/09,6.8308
9/2/09,6.8316
9/3/09,6.8307
9/4/09,6.831
9/5/09,6.830833333
9/6/09,6.830666667
9/7/09,6.8305
9/8/09,6.83
9/9/09,6.8292
9/10/09,6.8288
9/11/09,6.8282
9/12/09,6.828133333
9/13/09,6.828066667
9/14/09,6.828
9/15/09,6.8284
9/16/09,6.8281
9/17/09,6.8272
9/18/09,6.8271
9/19/09,6.8274
9/20/09,6.8277
9/21/09,6.828
9/22/09,6.8289
9/23/09,6.8271
9/24/09,6.828
9/25/09,6.8287
9/26/09,6.828433333
9/27/09,6.828166667
9/28/09,6.8279
9/29/09,6.8288
9/30/09,6.829
10/1/09,6.828777778
10/2/09,6.828555556
10/3/09,6.828333333
10/4/09,6.828111111
10/5/09,6.827888889
10/6/09,6.827666667
10/7/09,6.827444444
10/8/09,6.827222222
10/9/09,6.827
10/10/09,6.827166667
10/11/09,6.827333333
10/12/09,6.8275
10/13/09,6.827
10/14/09,6.8269
10/15/09,6.8267
10/16/09,6.827
10/17/09,6.827166667
10/18/09,6.827333333
10/19/09,6.8275
10/20/09,6.8273
10/21/09,6.8278
10/22/09,6.8272
10/23/09,6.8275
10/24/09,6.827666667
10/25/09,6.827833333
10/26/09,6.828
10/27/09,6.8284
10/28/09,6.8283
10/29/09,6.8285
10/30/09,6.8281
10/31/09,6.828133333
11/1/09,6.828166667
11/2/09,6.8282
11/3/09,6.8279
11/4/09,6.828
11/5/09,6.8277
11/6/09,6.8276
11/7/09,6.8275
11/8/09,6.8274
11/9/09,6.8273
11/10/09,6.8268
11/11/09,6.8267
11/12/09,6.8268
11/13/09,6.8273
11/14/09,6.827266667
11/15/09,6.827233333
11/16/09,6.8272
11/17/09,6.8271
11/18/09,6.8275
11/19/09,6.8274
11/20/09,6.8278
11/21/09,6.827833333
11/22/09,6.827866667
11/23/09,6.8279
11/24/09,6.8276
11/25/09,6.8275
11/26/09,6.8268
11/27/09,6.8269
11/28/09,6.827
11/29/09,6.8271
11/30/09,6.8272
12/1/09,6.827
12/2/09,6.8268
12/3/09,6.827
12/4/09,6.8272
12/5/09,6.8274
12/6/09,6.8276
12/7/09,6.8278
12/8/09,6.8277
12/9/09,6.8279
12/10/09,6.8276
12/11/09,6.8277
12/12/09,6.827766667
12/13/09,6.827833333
12/14/09,6.8279
12/15/09,6.8278
12/16/09,6.828
12/17/09,6.8281
12/18/09,6.8284
12/19/09,6.828366667
12/20/09,6.828333333
12/21/09,6.8283
12/22/09,6.8285
12/23/09,6.8287
12/24/09,6.8285
12/25/09,6.8283
12/26/09,6.828266667
12/27/09,6.828233333
12/28/09,6.8282
12/29/09,6.8282
12/30/09,6.8283
12/31/09,6.8282
1/1/10,6.828175
1/2/10,6.82815
1/3/10,6.828125
1/4/10,6.8281
1/5/10,6.8278
1/6/10,6.8277
1/7/10,6.8276
1/8/10,6.8279
1/9/10,6.827766667
1/10/10,6.827633333
1/11/10,6.8275
1/12/10,6.8274
1/13/10,6.8273
1/14/10,6.8272
1/15/10,6.8271
1/16/10,6.827133333
1/17/10,6.827166667
1/18/10,6.8272
1/19/10,6.827
1/20/10,6.8273
1/21/10,6.8272
1/22/10,6.8271
1/23/10,6.827066667
1/24/10,6.827033333
1/25/10,6.827
1/26/10,6.8269
1/27/10,6.827
1/28/10,6.8271
1/29/10,6.827
1/30/10,6.827033333
1/31/10,6.827066667
2/1/10,6.8271
2/2/10,6.8271
2/3/10,6.8269
2/4/10,6.827
2/5/10,6.8272
2/6/10,6.827233333
2/7/10,6.827266667
2/8/10,6.8273
2/9/10,6.8271
2/10/10,6.8269
2/11/10,6.827
2/12/10,6.8269
2/13/10,6.82692
2/14/10,6.82694
2/15/10,6.82696
2/16/10,6.82698
2/17/10,6.827
2/18/10,6.82702
2/19/10,6.82704
2/20/10,6.82706
2/21/10,6.82708
2/22/10,6.8271
2/23/10,6.827
2/24/10,6.8271
2/25/10,6.827
2/26/10,6.8269
2/27/10,6.826833333
2/28/10,6.826766667
3/1/10,6.8267
3/2/10,6.8268
3/3/10,6.8266
3/4/10,6.8265
3/5/10,6.8266
3/6/10,6.8266
3/7/10,6.8266
3/8/10,6.8266
3/9/10,6.8265
3/10/10,6.8264
3/11/10,6.8263
3/12/10,6.8262
3/13/10,6.826166667
3/14/10,6.826133333
3/15/10,6.8261
3/16/10,6.8263
3/17/10,6.8262
3/18/10,6.8262
3/19/10,6.8263
3/20/10,6.826333333
3/21/10,6.826366667
3/22/10,6.8264
3/23/10,6.8263
3/24/10,6.8264
3/25/10,6.8266
3/26/10,6.8268
3/27/10,6.826733333
3/28/10,6.826666667
3/29/10,6.8266
3/30/10,6.8264
3/31/10,6.8263
4/1/10,6.8261
4/2/10,6.826
4/3/10,6.826
4/4/10,6.826
4/5/10,6.826
4/6/10,6.826
4/7/10,6.8259
4/8/10,6.8259
4/9/10,6.826
4/10/10,6.825966667
4/11/10,6.825933333
4/12/10,6.8259
4/13/10,6.826
4/14/10,6.8261
4/15/10,6.826
4/16/10,6.8261
4/17/10,6.826133333
4/18/10,6.826166667
4/19/10,6.8262
4/20/10,6.8263
4/21/10,6.8264
4/22/10,6.8263
4/23/10,6.8264
4/24/10,6.826366667
4/25/10,6.826333333
4/26/10,6.8263
4/27/10,6.8262
4/28/10,6.8264
4/29/10,6.8265
4/30/10,6.8263
5/1/10,6.82635
5/2/10,6.8264
5/3/10,6.82645
5/4/10,6.8265
5/5/10,6.8267
5/6/10,6.8269
5/7/10,6.8271
5/8/10,6.827033333
5/9/10,6.826966667
5/10/10,6.8269
5/11/10,6.827
5/12/10,6.8271
5/13/10,6.8272
5/14/10,6.8273
5/15/10,6.827366667
5/16/10,6.827433333
5/17/10,6.8275
5/18/10,6.8276
5/19/10,6.8278
5/20/10,6.8277
5/21/10,6.8276
5/22/10,6.827633333
5/23/10,6.827666667
5/24/10,6.8277
5/25/10,6.8279
5/26/10,6.828
5/27/10,6.8281
5/28/10,6.8279
5/29/10,6.827933333
5/30/10,6.827966667
5/31/10,6.828
6/1/10,6.8279
6/2/10,6.8281
6/3/10,6.828
6/4/10,6.8281
6/5/10,6.828166667
6/6/10,6.828233333
6/7/10,6.8283
6/8/10,6.8284
6/9/10,6.8282
6/10/10,6.8281
6/11/10,6.8279
6/12/10,6.827866667
6/13/10,6.827833333
6/14/10,6.8278
6/15/10,6.827766667
6/16/10,6.827733333
6/17/10,6.8277
6/18/10,6.8275
6/19/10,6.8275
6/20/10,6.8275
6/21/10,6.8275
6/22/10,6.798
6/23/10,6.8102
6/24/10,6.81
6/25/10,6.7896
6/26/10,6.7894
6/27/10,6.7892
6/28/10,6.789
6/29/10,6.7901
6/30/10,6.7909
7/1/10,6.7858
7/2/10,6.772
7/3/10,6.772433333
7/4/10,6.772866667
7/5/10,6.7733
7/6/10,6.779
7/7/10,6.7781
7/8/10,6.7768
7/9/10,6.7753
7/10/10,6.774133333
7/11/10,6.772966667
7/12/10,6.7718
7/13/10,6.7802
7/14/10,6.7755
7/15/10,6.7741
7/16/10,6.7718
7/17/10,6.774533333
7/18/10,6.777266667
7/19/10,6.78
7/20/10,6.7812
7/21/10,6.7802
7/22/10,6.7859
7/23/10,6.779
7/24/10,6.7786
7/25/10,6.7782
7/26/10,6.7778
7/27/10,6.7742
7/28/10,6.7785
7/29/10,6.7787
7/30/10,6.775
7/31/10,6.774733333
8/1/10,6.774466667
8/2/10,6.7742
8/3/10,6.7722
8/4/10,6.7715
8/5/10,6.7783
8/6/10,6.773
8/7/10,6.7715
8/8/10,6.77
8/9/10,6.7685
8/10/10,6.7745
8/11/10,6.7768
8/12/10,6.8015
8/13/10,6.8035
8/14/10,6.804466667
8/15/10,6.805433333
8/16/10,6.8064
8/17/10,6.7979
8/18/10,6.7895
8/19/10,6.7898
8/20/10,6.7884
8/21/10,6.7919
8/22/10,6.7954
8/23/10,6.7989
8/24/10,6.7999
8/25/10,6.8007
8/26/10,6.8041
8/27/10,6.8001
8/28/10,6.8009
8/29/10,6.8017
8/30/10,6.8025
8/31/10,6.8105
9/1/10,6.8126
9/2/10,6.8003
9/3/10,6.7973
9/4/10,6.7928
9/5/10,6.7883
9/6/10,6.7838
9/7/10,6.7799
9/8/10,6.7907
9/9/10,6.7817
9/10/10,6.7625
9/11/10,6.758633333
9/12/10,6.754766667
9/13/10,6.7509
9/14/10,6.7378
9/15/10,6.725
9/16/10,6.7181
9/17/10,6.7172
9/18/10,6.715133333
9/19/10,6.713066667
9/20/10,6.711
9/21/10,6.6997
9/22/10,6.701383333
9/23/10,6.703066667
9/24/10,6.70475
9/25/10,6.706433333
9/26/10,6.708116667
9/27/10,6.7098
9/28/10,6.7051
9/29/10,6.6936
9/30/10,6.7011
10/1/10,6.6988375
10/2/10,6.696575
10/3/10,6.6943125
10/4/10,6.69205
10/5/10,6.6897875
10/6/10,6.687525
10/7/10,6.6852625
10/8/10,6.683
10/9/10,6.679733333
10/10/10,6.676466667
10/11/10,6.6732
10/12/10,6.6775
10/13/10,6.6693
10/14/10,6.6582
10/15/10,6.6497
10/16/10,6.651166667
10/17/10,6.652633333
10/18/10,6.6541
10/19/10,6.6553
10/20/10,6.6754
10/21/10,6.6695
10/22/10,6.6759
10/23/10,6.6749
10/24/10,6.6739
10/25/10,6.6729
10/26/10,6.6762
10/27/10,6.6912
10/28/10,6.6986
10/29/10,6.6908
10/30/10,6.690066667
10/31/10,6.689333333
11/1/10,6.6886
11/2/10,6.6925
11/3/10,6.6818
11/4/10,6.6708
11/5/10,6.661
11/6/10,6.663733333
11/7/10,6.666466667
11/8/10,6.6692
11/9/10,6.658
11/10/10,6.645
11/11/10,6.6242
11/12/10,6.6239
11/13/10,6.626033333
11/14/10,6.628166667
11/15/10,6.6303
11/16/10,6.6441
11/17/10,6.649
11/18/10,6.6455
11/19/10,6.6408
11/20/10,6.640166667
11/21/10,6.639533333
11/22/10,6.6389
11/23/10,6.6469
11/24/10,6.6589
11/25/10,6.6557
11/26/10,6.6553
11/27/10,6.6602
11/28/10,6.6651
11/29/10,6.67
11/30/10,6.6762
12/1/10,6.6786
12/2/10,6.6691
12/3/10,6.6605
12/4/10,6.6575
12/5/10,6.6545
12/6/10,6.6515
12/7/10,6.6565
12/8/10,6.6616
12/9/10,6.6654
12/10/10,6.6604
12/11/10,6.661266667
12/12/10,6.662133333
12/13/10,6.663
12/14/10,6.6531
12/15/10,6.6566
12/16/10,6.6635
12/17/10,6.6593
12/18/10,6.6603
12/19/10,6.6613
12/20/10,6.6623
12/21/10,6.6597
12/22/10,6.6548
12/23/10,6.6466
12/24/10,6.6371
12/25/10,6.6349
12/26/10,6.6327
12/27/10,6.6305
12/28/10,6.6252
12/29/10,6.6247
12/30/10,6.6229
12/31/10,6.6227
1/1/11,6.6224
1/2/11,6.6221
1/3/11,6.6218
1/4/11,6.6215
1/5/11,6.6295
1/6/11,6.6322
1/7/11,6.6341
1/8/11,6.634366667
1/9/11,6.634633333
1/10/11,6.6349
1/11/11,6.6216
1/12/11,6.6128
1/13/11,6.5997
1/14/11,6.5896
1/15/11,6.589633333
1/16/11,6.589666667
1/17/11,6.5897
1/18/11,6.5891
1/19/11,6.5885
1/20/11,6.5883
1/21/11,6.5886
1/22/11,6.5885
1/23/11,6.5884
1/24/11,6.5883
1/25/11,6.5881
1/26/11,6.5878
1/27/11,6.5876
1/28/11,6.593
1/29/11,6.5917
1/30/11,6.5904
1/31/11,6.5891
2/1/11,6.586
2/2/11,6.585875
2/3/11,6.58575
2/4/11,6.585625
2/5/11,6.5855
2/6/11,6.585375
2/7/11,6.58525
2/8/11,6.585125
2/9/11,6.585
2/10/11,6.5849
2/11/11,6.5952
2/12/11,6.5963
2/13/11,6.5974
2/14/11,6.5985
2/15/11,6.5929
2/16/11,6.5855
2/17/11,6.58
2/18/11,6.5781
2/19/11,6.575566667
2/20/11,6.573033333
2/21/11,6.5705
2/22/11,6.5772
2/23/11,6.5828
2/24/11,6.5795
2/25/11,6.5757
2/26/11,6.575533333
2/27/11,6.575366667
2/28/11,6.5752
3/1/11,6.5706
3/2/11,6.5736
3/3/11,6.5695
3/4/11,6.5671
3/5/11,6.566433333
3/6/11,6.565766667
3/7/11,6.5651
3/8/11,6.5687
3/9/11,6.5748
3/10/11,6.5713
3/11/11,6.575
3/12/11,6.573366667
3/13/11,6.571733333
3/14/11,6.5701
3/15/11,6.5679
3/16/11,6.5718
3/17/11,6.569
3/18/11,6.5668
3/19/11,6.5656
3/20/11,6.5644
3/21/11,6.5632
3/22/11,6.5592
3/23/11,6.5601
3/24/11,6.5625
3/25/11,6.558
3/26/11,6.559266667
3/27/11,6.560533333
3/28/11,6.5618
3/29/11,6.5625
3/30/11,6.5586
3/31/11,6.5564
4/1/11,6.5527
4/2/11,6.55208
4/3/11,6.55146
4/4/11,6.55084
4/5/11,6.55022
4/6/11,6.5496
4/7/11,6.5456
4/8/11,6.542
4/9/11,6.541366667
4/10/11,6.540733333
4/11/11,6.5401
4/12/11,6.544
4/13/11,6.5369
4/14/11,6.5339
4/15/11,6.5301
4/16/11,6.5304
4/17/11,6.5307
4/18/11,6.531
4/19/11,6.5346
4/20/11,6.5294
4/21/11,6.5228
4/22/11,6.5156
4/23/11,6.515766667
4/24/11,6.515933333
4/25/11,6.5161
4/26/11,6.5173
4/27/11,6.5096
4/28/11,6.5051
4/29/11,6.499
4/30/11,6.4993
5/1/11,6.4996
5/2/11,6.4999
5/3/11,6.5002
5/4/11,6.5013
5/5/11,6.5025
5/6/11,6.5003
5/7/11,6.4998
5/8/11,6.4993
5/9/11,6.4988
5/10/11,6.495
5/11/11,6.4948
5/12/11,6.5005
5/13/11,6.5017
5/14/11,6.5041
5/15/11,6.5065
5/16/11,6.5089
5/17/11,6.5108
5/18/11,6.5074
5/19/11,6.5048
5/20/11,6.4983
5/21/11,6.4988
5/22/11,6.4993
5/23/11,6.4998
5/24/11,6.5038
5/25/11,6.4949
5/26/11,6.4921
5/27/11,6.4898
5/28/11,6.4884
5/29/11,6.487
5/30/11,6.4856
5/31/11,6.4845
6/1/11,6.4837
6/2/11,6.4886
6/3/11,6.4846
6/4/11,6.48385
6/5/11,6.4831
6/6/11,6.48235
6/7/11,6.4816
6/8/11,6.4795
6/9/11,6.483
6/10/11,6.4853
6/11/11,6.4866
6/12/11,6.4879
6/13/11,6.4892
6/14/11,6.4822
6/15/11,6.4796
6/16/11,6.4803
6/17/11,6.4716
6/18/11,6.470933333
6/19/11,6.470266667
6/20/11,6.4696
6/21/11,6.469
6/22/11,6.4683
6/23/11,6.4736
6/24/11,6.4742
6/25/11,6.474466667
6/26/11,6.474733333
6/27/11,6.475
6/28/11,6.4723
6/29/11,6.4718
6/30/11,6.4716
7/1/11,6.4685
7/2/11,6.4677
7/3/11,6.4669
7/4/11,6.4661
7/5/11,6.465
7/6/11,6.4715
7/7/11,6.4732
7/8/11,6.4705
7/9/11,6.470633333
7/10/11,6.470766667
7/11/11,6.4709
7/12/11,6.4748
7/13/11,6.4728
7/14/11,6.464
7/15/11,6.4665
7/16/11,6.467
7/17/11,6.4675
7/18/11,6.468
7/19/11,6.4684
7/20/11,6.4592
7/21/11,6.4536
7/22/11,6.4495
7/23/11,6.449766667
7/24/11,6.450033333
7/25/11,6.4503
7/26/11,6.447
7/27/11,6.4426
7/28/11,6.4438
7/29/11,6.4442
7/30/11,6.442766667
7/31/11,6.441333333
8/1/11,6.4399
8/2/11,6.4419
8/3/11,6.4441
8/4/11,6.4386
8/5/11,6.4451
8/6/11,6.440233333
8/7/11,6.435366667
8/8/11,6.4305
8/9/11,6.4335
8/10/11,6.4167
8/11/11,6.3991
8/12/11,6.3972
8/13/11,6.396466667
8/14/11,6.395733333
8/15/11,6.395
8/16/11,6.3925
8/17/11,6.3996
8/18/11,6.3942
8/19/11,6.4032
8/20/11,6.402033333
8/21/11,6.400866667
8/22/11,6.3997
8/23/11,6.3987
8/24/11,6.3896
8/25/11,6.3936
8/26/11,6.395
8/27/11,6.392766667
8/28/11,6.390533333
8/29/11,6.3883
8/30/11,6.3849
8/31/11,6.3867
9/1/11,6.3859
9/2/11,6.3896
9/3/11,6.3906
9/4/11,6.3916
9/5/11,6.3926
9/6/11,6.3946
9/7/11,6.3968
9/8/11,6.3889
9/9/11,6.3922
9/10/11,6.3937
9/11/11,6.3952
9/12/11,6.3967
9/13/11,6.3982
9/14/11,6.3945
9/15/11,6.3878
9/16/11,6.3797
9/17/11,6.3814
9/18/11,6.3831
9/19/11,6.3848
9/20/11,6.388
9/21/11,6.3772
9/22/11,6.3808
9/23/11,6.384
9/24/11,6.3805
9/25/11,6.377
9/26/11,6.3735
9/27/11,6.376
9/28/11,6.3623
9/29/11,6.3665
9/30/11,6.3549
10/1/11,6.35527
10/2/11,6.35564
10/3/11,6.35601
10/4/11,6.35638
10/5/11,6.35675
10/6/11,6.35712
10/7/11,6.35749
10/8/11,6.35786
10/9/11,6.35823
10/10/11,6.3586
10/11/11,6.3483
10/12/11,6.3598
10/13/11,6.3737
10/14/11,6.3762
10/15/11,6.374466667
10/16/11,6.372733333
10/17/11,6.371
10/18/11,6.3749
10/19/11,6.3727
10/20/11,6.3652
10/21/11,6.3628
10/22/11,6.360166667
10/23/11,6.357533333
10/24/11,6.3549
10/25/11,6.3425
10/26/11,6.3456
10/27/11,6.3477
10/28/11,6.329
10/29/11,6.3271
10/30/11,6.3252
10/31/11,6.3233
11/1/11,6.3293
11/2/11,6.3297
11/3/11,6.3198
11/4/11,6.3165
11/5/11,6.318066667
11/6/11,6.319633333
11/7/11,6.3212
11/8/11,6.3247
11/9/11,6.3207
11/10/11,6.3329
11/11/11,6.3317
11/12/11,6.331166667
11/13/11,6.330633333
11/14/11,6.3301
11/15/11,6.3436
11/16/11,6.3509
11/17/11,6.3553
11/18/11,6.3548
11/19/11,6.353933333
11/20/11,6.353066667
11/21/11,6.3522
11/22/11,6.3555
11/23/11,6.3498
11/24/11,6.357
11/25/11,6.3554
11/26/11,6.356433333
11/27/11,6.357466667
11/28/11,6.3585
11/29/11,6.3587
11/30/11,6.3482
12/1/11,6.3353
12/2/11,6.331
12/3/11,6.3323
12/4/11,6.3336
12/5/11,6.3349
12/6/11,6.3334
12/7/11,6.3342
12/8/11,6.3319
12/9/11,6.3352
12/10/11,6.333366667
12/11/11,6.331533333
12/12/11,6.3297
12/13/11,6.3359
12/14/11,6.3396
12/15/11,6.3421
12/16/11,6.3352
12/17/11,6.333566667
12/18/11,6.331933333
12/19/11,6.3303
12/20/11,6.3351
12/21/11,6.3248
12/22/11,6.3253
12/23/11,6.3209
12/24/11,6.3195
12/25/11,6.3181
12/26/11,6.3167
12/27/11,6.3152
12/28/11,6.3146
12/29/11,6.3157
12/30/11,6.3009
12/31/11,6.30074
1/1/12,6.30058
1/2/12,6.30042
1/3/12,6.30026
1/4/12,6.3001
1/5/12,6.3115
1/6/12,6.3166
1/7/12,6.318933333
1/8/12,6.321266667
1/9/12,6.3236
1/10/12,6.3171
1/11/12,6.3155
1/12/12,6.323
1/13/12,6.3201
1/14/12,6.3236
1/15/12,6.3271
1/16/12,6.3306
1/17/12,6.325
1/18/12,6.3205
1/19/12,6.3173
1/20/12,6.3138
1/21/12,6.31298
1/22/12,6.31216
1/23/12,6.31134
1/24/12,6.31052
1/25/12,6.3097
1/26/12,6.30888
1/27/12,6.30806
1/28/12,6.30724
1/29/12,6.30642
1/30/12,6.3056
1/31/12,6.3115
2/1/12,6.3103
2/2/12,6.3075
2/3/12,6.3102
2/4/12,6.3104
2/5/12,6.3106
2/6/12,6.3108
2/7/12,6.3116
2/8/12,6.3027
2/9/12,6.3009
2/10/12,6.2937
2/11/12,6.293766667
2/12/12,6.293833333
2/13/12,6.2939
2/14/12,6.2947
2/15/12,6.2958
2/16/12,6.2991
2/17/12,6.2951
2/18/12,6.294666667
2/19/12,6.294233333
2/20/12,6.2938
2/21/12,6.296
2/22/12,6.2988
2/23/12,6.3031
2/24/12,6.2965
2/25/12,6.297166667
2/26/12,6.297833333
2/27/12,6.2985
2/28/12,6.2961
2/29/12,6.2919
3/1/12,6.3016
3/2/12,6.298
3/3/12,6.3027
3/4/12,6.3074
3/5/12,6.3121
3/6/12,6.3141
3/7/12,6.3213
3/8/12,6.3235
3/9/12,6.3073
3/10/12,6.314266667
3/11/12,6.321233333
3/12/12,6.3282
3/13/12,6.3259
3/14/12,6.3328
3/15/12,6.3359
3/16/12,6.32
3/17/12,6.316066667
3/18/12,6.312133333
3/19/12,6.3082
3/20/12,6.3029
3/21/12,6.3092
3/22/12,6.3004
3/23/12,6.2891
3/24/12,6.288
3/25/12,6.2869
3/26/12,6.2858
3/27/12,6.284
3/28/12,6.2912
3/29/12,6.2932
3/30/12,6.2943
3/31/12,6.295833333
4/1/12,6.297366667
4/2/12,6.2989
4/3/12,6.300433333
4/4/12,6.301966667
4/5/12,6.3035
4/6/12,6.3072
4/7/12,6.3055
4/8/12,6.3038
4/9/12,6.3021
4/10/12,6.3048
4/11/12,6.3018
4/12/12,6.2984
4/13/12,6.2879
4/14/12,6.2906
4/15/12,6.2933
4/16/12,6.296
4/17/12,6.2896
4/18/12,6.2948
4/19/12,6.3004
4/20/12,6.3042
4/21/12,6.3018
4/22/12,6.2994
4/23/12,6.297
4/24/12,6.3003
4/25/12,6.2923
4/26/12,6.2829
4/27/12,6.2787
4/28/12,6.27636
4/29/12,6.27402
4/30/12,6.27168
5/1/12,6.26934
5/2/12,6.267
5/3/12,6.2697
5/4/12,6.2721
5/5/12,6.276666667
5/6/12,6.281233333
5/7/12,6.2858
5/8/12,6.2804
5/9/12,6.2865
5/10/12,6.2941
5/11/12,6.2952
5/12/12,6.298133333
5/13/12,6.301066667
5/14/12,6.304
5/15/12,6.311
5/16/12,6.3205
5/17/12,6.3233
5/18/12,6.3209
5/19/12,6.3178
5/20/12,6.3147
5/21/12,6.3116
5/22/12,6.3077
5/23/12,6.3208
5/24/12,6.3247
5/25/12,6.326
5/26/12,6.3252
5/27/12,6.3244
5/28/12,6.3236
5/29/12,6.3262
5/30/12,6.3297
5/31/12,6.3355
6/1/12,6.3308
6/2/12,6.329733333
6/3/12,6.328666667
6/4/12,6.3276
6/5/12,6.3225
6/6/12,6.3261
6/7/12,6.317
6/8/12,6.3188
6/9/12,6.318166667
6/10/12,6.317533333
6/11/12,6.3169
6/12/12,6.3292
6/13/12,6.3271
6/14/12,6.3191
6/15/12,6.3089
6/16/12,6.3061
6/17/12,6.3033
6/18/12,6.3005
6/19/12,6.3016
6/20/12,6.3004
6/21/12,6.304
6/22/12,6.30875
6/23/12,6.3135
6/24/12,6.31825
6/25/12,6.323
6/26/12,6.3211
6/27/12,6.3173
6/28/12,6.319
6/29/12,6.3249
6/30/12,6.321466667
7/1/12,6.318033333
7/2/12,6.3146
7/3/12,6.3178
7/4/12,6.3121
7/5/12,6.3193
7/6/12,6.3249
7/7/12,6.326366667
7/8/12,6.327833333
7/9/12,6.3293
7/10/12,6.3195
7/11/12,6.3209
7/12/12,6.3215
7/13/12,6.3247
7/14/12,6.3234
7/15/12,6.3221
7/16/12,6.3208
7/17/12,6.3167
7/18/12,6.314
7/19/12,6.3126
7/20/12,6.3112
7/21/12,6.316466667
7/22/12,6.321733333
7/23/12,6.327
7/24/12,6.3339
7/25/12,6.3429
7/26/12,6.3381
7/27/12,6.3325
7/28/12,6.331766667
7/29/12,6.331033333
7/30/12,6.3303
7/31/12,6.332
8/1/12,6.3305
8/2/12,6.3392
8/3/12,6.3421
8/4/12,6.339833333
8/5/12,6.337566667
8/6/12,6.3353
8/7/12,6.3332
8/8/12,6.3378
8/9/12,6.3387
8/10/12,6.3447
8/11/12,6.345
8/12/12,6.3453
8/13/12,6.3456
8/14/12,6.3443
8/15/12,6.3482
8/16/12,6.3495
8/17/12,6.3449
8/18/12,6.345866667
8/19/12,6.346833333
8/20/12,6.3478
8/21/12,6.3418
8/22/12,6.3348
8/23/12,6.3316
8/24/12,6.3305
8/25/12,6.3334
8/26/12,6.3363
8/27/12,6.3392
8/28/12,6.3411
8/29/12,6.3391
8/30/12,6.3435
8/31/12,6.3449
9/1/12,6.343766667
9/2/12,6.342633333
9/3/12,6.3415
9/4/12,6.3402
9/5/12,6.346
9/6/12,6.3439
9/7/12,6.3412
9/8/12,6.339966667
9/9/12,6.338733333
9/10/12,6.3375
9/11/12,6.3391
9/12/12,6.3355
9/13/12,6.3338
9/14/12,6.3317
9/15/12,6.330966667
9/16/12,6.330233333
9/17/12,6.3295
9/18/12,6.3353
9/19/12,6.3392
9/20/12,6.338
9/21/12,6.3426
9/22/12,6.3421
9/23/12,6.3416
9/24/12,6.3411
9/25/12,6.343
9/26/12,6.3443
9/27/12,6.3459
9/28/12,6.341
9/29/12,6.34116
9/30/12,6.34132
10/1/12,6.34148
10/2/12,6.34164
10/3/12,6.3418
10/4/12,6.34196
10/5/12,6.34212
10/6/12,6.34228
10/7/12,6.34244
10/8/12,6.3426
10/9/12,6.3441
10/10/12,6.3449
10/11/12,6.3391
10/12/12,6.3264
10/13/12,6.321333333
10/14/12,6.316266667
10/15/12,6.3112
10/16/12,6.3106
10/17/12,6.3028
10/18/12,6.3021
10/19/12,6.3052
10/20/12,6.305833333
10/21/12,6.306466667
10/22/12,6.3071
10/23/12,6.3078
10/24/12,6.3081
10/25/12,6.3047
10/26/12,6.301
10/27/12,6.3004
10/28/12,6.2998
10/29/12,6.2992
10/30/12,6.3028
10/31/12,6.3002
11/1/12,6.3017
11/2/12,6.3045
11/3/12,6.305733333
11/4/12,6.306966667
11/5/12,6.3082
11/6/12,6.3078
11/7/12,6.3067
11/8/12,6.306
11/9/12,6.3012
11/10/12,6.298133333
11/11/12,6.295066667
11/12/12,6.292
11/13/12,6.2891
11/14/12,6.2881
11/15/12,6.2905
11/16/12,6.2945
11/17/12,6.2955
11/18/12,6.2965
11/19/12,6.2975
11/20/12,6.2926
11/21/12,6.2908
11/22/12,6.2918
11/23/12,6.2906
11/24/12,6.289866667
11/25/12,6.289133333
11/26/12,6.2884
11/27/12,6.2852
11/28/12,6.2902
11/29/12,6.291
11/30/12,6.2892
12/1/12,6.289733333
12/2/12,6.290266667
12/3/12,6.2908
12/4/12,6.2885
12/5/12,6.2871
12/6/12,6.2911
12/7/12,6.293
12/8/12,6.292733333
12/9/12,6.292466667
12/10/12,6.2922
12/11/12,6.2906
12/12/12,6.2883
12/13/12,6.2887
12/14/12,6.2923
12/15/12,6.291266667
12/16/12,6.290233333
12/17/12,6.2892
12/18/12,6.288
12/19/12,6.2865
12/20/12,6.2877
12/21/12,6.2881
12/22/12,6.289166667
12/23/12,6.290233333
12/24/12,6.2913
12/25/12,6.2931
12/26/12,6.2943
12/27/12,6.2949
12/28/12,6.2896
12/29/12,6.288233333
12/30/12,6.286866667
12/31/12,6.2855
1/1/13,6.28655
1/2/13,6.2876
1/3/13,6.28865
1/4/13,6.2897
1/5/13,6.288866667
1/6/13,6.288033333
1/7/13,6.2872
1/8/13,6.2804
1/9/13,6.2814
1/10/13,6.2793
1/11/13,6.2712
1/12/13,6.270633333
1/13/13,6.270066667
1/14/13,6.2695
1/15/13,6.2691
1/16/13,6.2745
1/17/13,6.2767
1/18/13,6.2752
1/19/13,6.276466667
1/20/13,6.277733333
1/21/13,6.279
1/22/13,6.2796
1/23/13,6.2762
1/24/13,6.2783
1/25/13,6.2805
1/26/13,6.280933333
1/27/13,6.281366667
1/28/13,6.2818
1/29/13,6.2851
1/30/13,6.2806
1/31/13,6.2795
2/1/13,6.2819
2/2/13,6.283266667
2/3/13,6.284633333
2/4/13,6.286
2/5/13,6.285
2/6/13,6.2881
2/7/13,6.2898
2/8/13,6.2793
2/9/13,6.27953
2/10/13,6.27976
2/11/13,6.27999
2/12/13,6.28022
2/13/13,6.28045
2/14/13,6.28068
2/15/13,6.28091
2/16/13,6.28114
2/17/13,6.28137
2/18/13,6.2816
2/19/13,6.2821
2/20/13,6.2804
2/21/13,6.2846
2/22/13,6.2871
2/23/13,6.2878
2/24/13,6.2885
2/25/13,6.2892
2/26/13,6.2856
2/27/13,6.2842
2/28/13,6.2779
3/1/13,6.2798
3/2/13,6.2806
3/3/13,6.2814
3/4/13,6.2822
3/5/13,6.2797
3/6/13,6.2745
3/7/13,6.2785
3/8/13,6.2719
3/9/13,6.273566667
3/10/13,6.275233333
3/11/13,6.2769
3/12/13,6.2746
3/13/13,6.2726
3/14/13,6.2752
3/15/13,6.2723
3/16/13,6.2729
3/17/13,6.2735
3/18/13,6.2741
3/19/13,6.2758
3/20/13,6.2716
3/21/13,6.2731
3/22/13,6.2711
3/23/13,6.270466667
3/24/13,6.269833333
3/25/13,6.2692
3/26/13,6.2715
3/27/13,6.2727
3/28/13,6.2742
3/29/13,6.2689
3/30/13,6.2684
3/31/13,6.2679
4/1/13,6.2674
4/2/13,6.2586
4/3/13,6.2609
4/4/13,6.26172
4/5/13,6.26254
4/6/13,6.26336
4/7/13,6.26418
4/8/13,6.265
4/9/13,6.2639
4/10/13,6.2548
4/11/13,6.2578
4/12/13,6.2506
4/13/13,6.248866667
4/14/13,6.247133333
4/15/13,6.2454
4/16/13,6.2408
4/17/13,6.2342
4/18/13,6.2416
4/19/13,6.2395
4/20/13,6.240166667
4/21/13,6.240833333
4/22/13,6.2415
4/23/13,6.236
4/24/13,6.2384
4/25/13,6.23
4/26/13,6.2208
4/27/13,6.2187
4/28/13,6.2166
4/29/13,6.2145
4/30/13,6.2124
5/1/13,6.2103
5/2/13,6.2082
5/3/13,6.2152
5/4/13,6.213933333
5/5/13,6.212666667
5/6/13,6.2114
5/7/13,6.2083
5/8/13,6.198
5/9/13,6.1925
5/10/13,6.2016
5/11/13,6.203466667
5/12/13,6.205333333
5/13/13,6.2072
5/14/13,6.2035
5/15/13,6.207
5/16/13,6.2096
5/17/13,6.1997
5/18/13,6.199733333
5/19/13,6.199766667
5/20/13,6.1998
5/21/13,6.1911
5/22/13,6.1904
5/23/13,6.1947
5/24/13,6.1867
5/25/13,6.184833333
5/26/13,6.182966667
5/27/13,6.1811
5/28/13,6.1818
5/29/13,6.1856
5/30/13,6.182
5/31/13,6.1796
6/1/13,6.179933333
6/2/13,6.180266667
6/3/13,6.1806
6/4/13,6.1735
6/5/13,6.1757
6/6/13,6.1737
6/7/13,6.162
6/8/13,6.161866667
6/9/13,6.161733333
6/10/13,6.1616
6/11/13,6.161466667
6/12/13,6.161333333
6/13/13,6.1612
6/14/13,6.1607
6/15/13,6.1604
6/16/13,6.1601
6/17/13,6.1598
6/18/13,6.1651
6/19/13,6.1677
6/20/13,6.1698
6/21/13,6.1766
6/22/13,6.177966667
6/23/13,6.179333333
6/24/13,6.1807
6/25/13,6.1767
6/26/13,6.1779
6/27/13,6.1797
6/28/13,6.1787
6/29/13,6.1793
6/30/13,6.1799
7/1/13,6.1805
7/2/13,6.1773
7/3/13,6.1803
7/4/13,6.1755
7/5/13,6.179
7/6/13,6.179566667
7/7/13,6.180133333
7/8/13,6.1807
7/9/13,6.173
7/10/13,6.1652
7/11/13,6.1599
7/12/13,6.1631
7/13/13,6.164166667
7/14/13,6.165233333
7/15/13,6.1663
7/16/13,6.1692
7/17/13,6.1652
7/18/13,6.172
7/19/13,6.1751
7/20/13,6.1741
7/21/13,6.1731
7/22/13,6.1721
7/23/13,6.1702
7/24/13,6.1695
7/25/13,6.1759
7/26/13,6.172
7/27/13,6.1715
7/28/13,6.171
7/29/13,6.1705
7/30/13,6.177
7/31/13,6.1788
8/1/13,6.1778
8/2/13,6.1817
8/3/13,6.180033333
8/4/13,6.178366667
8/5/13,6.1767
8/6/13,6.1753
8/7/13,6.1726
8/8/13,6.1703
8/9/13,6.1668
8/10/13,6.1667
8/11/13,6.1666
8/12/13,6.1665
8/13/13,6.1705
8/14/13,6.172
8/15/13,6.1696
8/16/13,6.1666
8/17/13,6.1674
8/18/13,6.1682
8/19/13,6.169
8/20/13,6.1697
8/21/13,6.1675
8/22/13,6.1698
8/23/13,6.171
8/24/13,6.17
8/25/13,6.169
8/26/13,6.168
8/27/13,6.1688
8/28/13,6.1667
8/29/13,6.169
8/30/13,6.1709
8/31/13,6.170666667
9/1/13,6.170433333
9/2/13,6.1702
9/3/13,6.1718
9/4/13,6.1729
9/5/13,6.1696
9/6/13,6.1728
9/7/13,6.169933333
9/8/13,6.167066667
9/9/13,6.1642
9/10/13,6.1612
9/11/13,6.1601
9/12/13,6.1575
9/13/13,6.1578
9/14/13,6.157
9/15/13,6.1562
9/16/13,6.1554
9/17/13,6.1571
9/18/13,6.1557
9/19/13,6.15406
9/20/13,6.15242
9/21/13,6.15078
9/22/13,6.14914
9/23/13,6.1475
9/24/13,6.1485
9/25/13,6.1497
9/26/13,6.1477
9/27/13,6.1495
9/28/13,6.149
9/29/13,6.1485
9/30/13,6.148
10/1/13,6.1471875
10/2/13,6.146375
10/3/13,6.1455625
10/4/13,6.14475
10/5/13,6.1439375
10/6/13,6.143125
10/7/13,6.1423125
10/8/13,6.1415
10/9/13,6.143
10/10/13,6.1452
10/11/13,6.1458
10/12/13,6.144066667
10/13/13,6.142333333
10/14/13,6.1406
10/15/13,6.1412
10/16/13,6.1408
10/17/13,6.1431
10/18/13,6.1372
10/19/13,6.136533333
10/20/13,6.135866667
10/21/13,6.1352
10/22/13,6.1395
10/23/13,6.133
10/24/13,6.1335
10/25/13,6.1333
10/26/13,6.1334
10/27/13,6.1335
10/28/13,6.1336
10/29/13,6.1373
10/30/13,6.1412
10/31/13,6.1425
11/1/13,6.1452
11/2/13,6.1462
11/3/13,6.1472
11/4/13,6.1482
11/5/13,6.1447
11/6/13,6.1475
11/7/13,6.145
11/8/13,6.1355
11/9/13,6.136666667
11/10/13,6.137833333
11/11/13,6.139
11/12/13,6.136
11/13/13,6.1342
11/14/13,6.1315
11/15/13,6.1351
11/16/13,6.134466667
11/17/13,6.133833333
11/18/13,6.1332
11/19/13,6.1317
11/20/13,6.1305
11/21/13,6.1366
11/22/13,6.138
11/23/13,6.136733333
11/24/13,6.135466667
11/25/13,6.1342
11/26/13,6.1357
11/27/13,6.133
11/28/13,6.1343
11/29/13,6.1325
11/30/13,6.132633333
12/1/13,6.132766667
12/2/13,6.1329
12/3/13,6.1352
12/4/13,6.13
12/5/13,6.131
12/6/13,6.1232
12/7/13,6.1198
12/8/13,6.1164
12/9/13,6.113
12/10/13,6.1114
12/11/13,6.11
12/12/13,6.1115
12/13/13,6.1148
12/14/13,6.114
12/15/13,6.1132
12/16/13,6.1124
12/17/13,6.1108
12/18/13,6.1105
12/19/13,6.1183
12/20/13,6.1196
12/21/13,6.118433333
12/22/13,6.117266667
12/23/13,6.1161
12/24/13,6.1145
12/25/13,6.116
12/26/13,6.1156
12/27/13,6.105
12/28/13,6.104133333
12/29/13,6.103266667
12/30/13,6.1024
12/31/13,6.0969
1/1/14,6.09795
1/2/14,6.099
1/3/14,6.1039
1/4/14,6.104566667
1/5/14,6.105233333
1/6/14,6.1059
1/7/14,6.1042
1/8/14,6.1079
1/9/14,6.1109
1/10/14,6.1008
1/11/14,6.098866667
1/12/14,6.096933333
1/13/14,6.095
1/14/14,6.093
1/15/14,6.1005
1/16/14,6.1065
1/17/14,6.1041
1/18/14,6.1055
1/19/14,6.1069
1/20/14,6.1083
1/21/14,6.1066
1/22/14,6.1087
1/23/14,6.1107
1/24/14,6.1035
1/25/14,6.103066667
1/26/14,6.102633333
1/27/14,6.1022
1/28/14,6.1053
1/29/14,6.1073
1/30/14,6.105
1/31/14,6.1054875
2/1/14,6.105975
2/2/14,6.1064625
2/3/14,6.10695
2/4/14,6.1074375
2/5/14,6.107925
2/6/14,6.1084125
2/7/14,6.1089
2/8/14,6.1087
2/9/14,6.1085
2/10/14,6.1083
2/11/14,6.1069
2/12/14,6.1078
2/13/14,6.11
2/14/14,6.107
2/15/14,6.106433333
2/16/14,6.105866667
2/17/14,6.1053
2/18/14,6.1073
2/19/14,6.1103
2/20/14,6.1146
2/21/14,6.1176
2/22/14,6.118033333
2/23/14,6.118466667
2/24/14,6.1189
2/25/14,6.1184
2/26/14,6.1192
2/27/14,6.1224
2/28/14,6.1214
3/1/14,6.1206
3/2/14,6.1198
3/3/14,6.119
3/4/14,6.1236
3/5/14,6.1257
3/6/14,6.1249
3/7/14,6.1201
3/8/14,6.1238
3/9/14,6.1275
3/10/14,6.1312
3/11/14,6.1327
3/12/14,6.1343
3/13/14,6.132
3/14/14,6.1346
3/15/14,6.133766667
3/16/14,6.132933333
3/17/14,6.1321
3/18/14,6.1341
3/19/14,6.1351
3/20/14,6.146
3/21/14,6.1475
3/22/14,6.146733333
3/23/14,6.145966667
3/24/14,6.1452
3/25/14,6.1426
3/26/14,6.144
3/27/14,6.1465
3/28/14,6.149
3/29/14,6.150033333
3/30/14,6.151066667
3/31/14,6.1521
4/1/14,6.1503
4/2/14,6.1493
4/3/14,6.152
4/4/14,6.1557
4/5/14,6.15495
4/6/14,6.1542
4/7/14,6.15345
4/8/14,6.1527
4/9/14,6.149
4/10/14,6.151
4/11/14,6.1495
4/12/14,6.1507
4/13/14,6.1519
4/14/14,6.1531
4/15/14,6.1571
4/16/14,6.1589
4/17/14,6.1575
4/18/14,6.1586
4/19/14,6.158766667
4/20/14,6.158933333
4/21/14,6.1591
4/22/14,6.161
4/23/14,6.1599
4/24/14,6.1589
4/25/14,6.1576
4/26/14,6.157233333
4/27/14,6.156866667
4/28/14,6.1565
4/29/14,6.1556
4/30/14,6.158
5/1/14,6.1576
5/2/14,6.1572
5/3/14,6.1568
5/4/14,6.1564
5/5/14,6.156
5/6/14,6.1565
5/7/14,6.1542
5/8/14,6.1557
5/9/14,6.1581
5/10/14,6.159566667
5/11/14,6.161033333
5/12/14,6.1625
5/13/14,6.1636
5/14/14,6.1653
5/15/14,6.164
5/16/14,6.1628
5/17/14,6.163066667
5/18/14,6.163333333
5/19/14,6.1636
5/20/14,6.1626
5/21/14,6.1645
5/22/14,6.1658
5/23/14,6.1681
5/24/14,6.1687
5/25/14,6.1693
5/26/14,6.1699
5/27/14,6.1687
5/28/14,6.1694
5/29/14,6.1705
5/30/14,6.1695
5/31/14,6.169875
6/1/14,6.17025
6/2/14,6.170625
6/3/14,6.171
6/4/14,6.1693
6/5/14,6.1708
6/6/14,6.1623
6/7/14,6.1577
6/8/14,6.1531
6/9/14,6.1485
6/10/14,6.1451
6/11/14,6.1506
6/12/14,6.1516
6/13/14,6.1503
6/14/14,6.151433333
6/15/14,6.152566667
6/16/14,6.1537
6/17/14,6.1529
6/18/14,6.1559
6/19/14,6.1531
6/20/14,6.1524
6/21/14,6.1535
6/22/14,6.1546
6/23/14,6.1557
6/24/14,6.1545
6/25/14,6.1555
6/26/14,6.1538
6/27/14,6.1543
6/28/14,6.1538
6/29/14,6.1533
6/30/14,6.1528
7/1/14,6.1523
7/2/14,6.1549
7/3/14,6.1581
7/4/14,6.1642
7/5/14,6.164733333
7/6/14,6.165266667
7/7/14,6.1658
7/8/14,6.1626
7/9/14,6.1565
7/10/14,6.1443
7/11/14,6.1469
7/12/14,6.147433333
7/13/14,6.147966667
7/14/14,6.1485
7/15/14,6.149
7/16/14,6.1535
7/17/14,6.1564
7/18/14,6.1568
7/19/14,6.1561
7/20/14,6.1554
7/21/14,6.1547
7/22/14,6.1544
7/23/14,6.1572
7/24/14,6.1579
7/25/14,6.1597
7/26/14,6.160533333
7/27/14,6.161366667
7/28/14,6.1622
7/29/14,6.1615
7/30/14,6.1645
7/31/14,6.1675
8/1/14,6.1681
8/2/14,6.167433333
8/3/14,6.166766667
8/4/14,6.1661
8/5/14,6.1655
8/6/14,6.1681
8/7/14,6.167
8/8/14,6.1562
8/9/14,6.154866667
8/10/14,6.153533333
8/11/14,6.1522
8/12/14,6.1517
8/13/14,6.1533
8/14/14,6.1545
8/15/14,6.1538
8/16/14,6.153466667
8/17/14,6.153133333
8/18/14,6.1528
8/19/14,6.1548
8/20/14,6.158
8/21/14,6.1632
8/22/14,6.1617
8/23/14,6.1629
8/24/14,6.1641
8/25/14,6.1653
8/26/14,6.1663
8/27/14,6.1658
8/28/14,6.1638
8/29/14,6.1647
8/30/14,6.1658
8/31/14,6.1669
9/1/14,6.168
9/2/14,6.1684
9/3/14,6.1697
9/4/14,6.1666
9/5/14,6.1707
9/6/14,6.166025
9/7/14,6.16135
9/8/14,6.156675
9/9/14,6.152
9/10/14,6.1425
9/11/14,6.1453
9/12/14,6.1468
9/13/14,6.146266667
9/14/14,6.145733333
9/15/14,6.1452
9/16/14,6.1462
9/17/14,6.145
9/18/14,6.149
9/19/14,6.1455
9/20/14,6.1465
9/21/14,6.1475
9/22/14,6.1485
9/23/14,6.147
9/24/14,6.1462
9/25/14,6.1497
9/26/14,6.1508
9/27/14,6.151833333
9/28/14,6.152866667
9/29/14,6.1539
9/30/14,6.1525
10/1/14,6.1521
10/2/14,6.1517
10/3/14,6.1513
10/4/14,6.1509
10/5/14,6.1505
10/6/14,6.1501
10/7/14,6.1497
10/8/14,6.1493
10/9/14,6.1461
10/10/14,6.147
10/11/14,6.1462
10/12/14,6.1454
10/13/14,6.1446
10/14/14,6.1408
10/15/14,6.1455
10/16/14,6.1395
10/17/14,6.1407
10/18/14,6.141633333
10/19/14,6.142566667
10/20/14,6.1435
10/21/14,6.141
10/22/14,6.1437
10/23/14,6.1459
10/24/14,6.1467
10/25/14,6.146
10/26/14,6.1453
10/27/14,6.1446
10/28/14,6.1421
10/29/14,6.1405
10/30/14,6.1457
10/31/14,6.1461
11/1/14,6.148233333
11/2/14,6.150366667
11/3/14,6.1525
11/4/14,6.1543
11/5/14,6.1503
11/6/14,6.1565
11/7/14,6.1602
11/8/14,6.1527
11/9/14,6.1452
11/10/14,6.1377
11/11/14,6.1413
11/12/14,6.1428
11/13/14,6.1418
11/14/14,6.1399
11/15/14,6.140233333
11/16/14,6.140566667
11/17/14,6.1409
11/18/14,6.143
11/19/14,6.1397
11/20/14,6.1417
11/21/14,6.1387
11/22/14,6.1398
11/23/14,6.1409
11/24/14,6.142
11/25/14,6.139
11/26/14,6.1354
11/27/14,6.132
11/28/14,6.1345
11/29/14,6.1353
11/30/14,6.1361
12/1/14,6.1369
12/2/14,6.1325
12/3/14,6.1376
12/4/14,6.1411
12/5/14,6.1373
12/6/14,6.134266667
12/7/14,6.131233333
12/8/14,6.1282
12/9/14,6.1231
12/10/14,6.1195
12/11/14,6.1153
12/12/14,6.1184
12/13/14,6.117333333
12/14/14,6.116266667
12/15/14,6.1152
12/16/14,6.1182
12/17/14,6.1137
12/18/14,6.1195
12/19/14,6.1205
12/20/14,6.121
12/21/14,6.1215
12/22/14,6.122
12/23/14,6.123
12/24/14,6.1247
12/25/14,6.1213
12/26/14,6.1186
12/27/14,6.119233333
12/28/14,6.119866667
12/29/14,6.1205
12/30/14,6.1224
12/31/14,6.119
1/1/15,6.12016
1/2/15,6.12132
1/3/15,6.12248
1/4/15,6.12364
1/5/15,6.1248
1/6/15,6.1256
1/7/15,6.1269
1/8/15,6.1302
1/9/15,6.1296
1/10/15,6.1275
1/11/15,6.1254
1/12/15,6.1233
1/13/15,6.1195
1/14/15,6.1205
1/15/15,6.1193
1/16/15,6.1188
1/17/15,6.1202
1/18/15,6.1216
1/19/15,6.123
1/20/15,6.1226
1/21/15,6.1268
1/22/15,6.1247
1/23/15,6.1342
1/24/15,6.1356
1/25/15,6.137
1/26/15,6.1384
1/27/15,6.1364
1/28/15,6.1282
1/29/15,6.1335
1/30/15,6.137
1/31/15,6.1375
2/1/15,6.138
2/2/15,6.1385
2/3/15,6.1369
2/4/15,6.1318
2/5/15,6.1366
2/6/15,6.1261
2/7/15,6.127766667
2/8/15,6.129433333
2/9/15,6.1311
2/10/15,6.1295
2/11/15,6.1315
2/12/15,6.1333
2/13/15,6.1288
2/14/15,6.1283
2/15/15,6.1278
2/16/15,6.1273
2/17/15,6.133
2/18/15,6.133675
2/19/15,6.13435
2/20/15,6.135025
2/21/15,6.1357
2/22/15,6.136375
2/23/15,6.13705
2/24/15,6.137725
2/25/15,6.1384
2/26/15,6.1379
2/27/15,6.1475
2/28/15,6.148766667
3/1/15,6.150033333
3/2/15,6.1513
3/3/15,6.1543
3/4/15,6.1525
3/5/15,6.1528
3/6/15,6.1533
3/7/15,6.1543
3/8/15,6.1553
3/9/15,6.1563
3/10/15,6.1572
3/11/15,6.1597
3/12/15,6.1617
3/13/15,6.1588
3/14/15,6.1597
3/15/15,6.1606
3/16/15,6.1615
3/17/15,6.1585
3/18/15,6.1556
3/19/15,6.146
3/20/15,6.1496
3/21/15,6.148
3/22/15,6.1464
3/23/15,6.1448
3/24/15,6.1398
3/25/15,6.141
3/26/15,6.1375
3/27/15,6.1397
3/28/15,6.139866667
3/29/15,6.140033333
3/30/15,6.1402
3/31/15,6.1422
4/1/15,6.1434
4/2/15,6.1396
4/3/15,6.1348
4/4/15,6.133725
4/5/15,6.13265
4/6/15,6.131575
4/7/15,6.1305
4/8/15,6.1345
4/9/15,6.1338
4/10/15,6.137
4/11/15,6.137833333
4/12/15,6.138666667
4/13/15,6.1395
4/14/15,6.1407
4/15/15,6.134
4/16/15,6.1305
4/17/15,6.1267
4/18/15,6.1263
4/19/15,6.1259
4/20/15,6.1255
4/21/15,6.128
4/22/15,6.129
4/23/15,6.1281
4/24/15,6.1241
4/25/15,6.1234
4/26/15,6.1227
4/27/15,6.122
4/28/15,6.1209
4/29/15,6.1169
4/30/15,6.1137
5/1/15,6.1144
5/2/15,6.1151
5/3/15,6.1158
5/4/15,6.1165
5/5/15,6.118
5/6/15,6.1156
5/7/15,6.1113
5/8/15,6.1147
5/9/15,6.1142
5/10/15,6.1137
5/11/15,6.1132
5/12/15,6.1155
5/13/15,6.1123
5/14/15,6.1093
5/15/15,6.1085
5/16/15,6.1083
5/17/15,6.1081
5/18/15,6.1079
5/19/15,6.1098
5/20/15,6.1125
5/21/15,6.1139
5/22/15,6.1131
5/23/15,6.114233333
5/24/15,6.115366667
5/25/15,6.1165
5/26/15,6.1172
5/27/15,6.1198
5/28/15,6.1202
5/29/15,6.1196
5/30/15,6.119966667
5/31/15,6.120333333
6/1/15,6.1207
6/2/15,6.1225
6/3/15,6.1176
6/4/15,6.1164
6/5/15,6.1181
6/6/15,6.1189
6/7/15,6.1197
6/8/15,6.1205
6/9/15,6.1179
6/10/15,6.1173
6/11/15,6.115
6/12/15,6.1167
6/13/15,6.116766667
6/14/15,6.116833333
6/15/15,6.1169
6/16/15,6.1155
6/17/15,6.1158
6/18/15,6.1126
6/19/15,6.1104
6/20/15,6.110775
6/21/15,6.11115
6/22/15,6.111525
6/23/15,6.1119
6/24/15,6.1142
6/25/15,6.1148
6/26/15,6.1137
6/27/15,6.114733333
6/28/15,6.115766667
6/29/15,6.1168
6/30/15,6.1136
7/1/15,6.1149
7/2/15,6.1171
7/3/15,6.116
7/4/15,6.1164
7/5/15,6.1168
7/6/15,6.1172
7/7/15,6.1166
7/8/15,6.1175
7/9/15,6.1151
7/10/15,6.1153
7/11/15,6.114633333
7/12/15,6.113966667
7/13/15,6.1133
7/14/15,6.1165
7/15/15,6.1152
7/16/15,6.1173
7/17/15,6.1192
7/18/15,6.119366667
7/19/15,6.119533333
7/20/15,6.1197
7/21/15,6.1199
7/22/15,6.1168
7/23/15,6.1172
7/24/15,6.1169
7/25/15,6.117133333
7/26/15,6.117366667
7/27/15,6.1176
7/28/15,6.1154
7/29/15,6.115
7/30/15,6.1165
7/31/15,6.1172
8/1/15,6.1171
8/2/15,6.117
8/3/15,6.1169
8/4/15,6.1177
8/5/15,6.1186
8/6/15,6.1181
8/7/15,6.1174
8/8/15,6.117
8/9/15,6.1166
8/10/15,6.1162
8/11/15,6.1162
8/12/15,6.3306
8/13/15,6.401
8/14/15,6.3975
8/15/15,6.3973
8/16/15,6.3971
8/17/15,6.3969
8/18/15,6.3966
8/19/15,6.3963
8/20/15,6.3915
8/21/15,6.3864
8/22/15,6.386333333
8/23/15,6.386266667
8/24/15,6.3862
8/25/15,6.3987
8/26/15,6.4043
8/27/15,6.4085
8/28/15,6.3986
8/29/15,6.3955
8/30/15,6.3924
8/31/15,6.3893
9/1/15,6.3752
9/2/15,6.3619
9/3/15,6.3612
9/4/15,6.3605
9/5/15,6.3598
9/6/15,6.3591
9/7/15,6.3584
9/8/15,6.3639
9/9/15,6.3632
9/10/15,6.3772
9/11/15,6.3719
9/12/15,6.371566667
9/13/15,6.371233333
9/14/15,6.3709
9/15/15,6.3665
9/16/15,6.3712
9/17/15,6.367
9/18/15,6.3607
9/19/15,6.363
9/20/15,6.3653
9/21/15,6.3676
9/22/15,6.3721
9/23/15,6.3773
9/24/15,6.3791
9/25/15,6.3785
9/26/15,6.376633333
9/27/15,6.374766667
9/28/15,6.3729
9/29/15,6.366
9/30/15,6.3613
10/1/15,6.35995
10/2/15,6.3586
10/3/15,6.35725
10/4/15,6.3559
10/5/15,6.35455
10/6/15,6.3532
10/7/15,6.35185
10/8/15,6.3505
10/9/15,6.3493
10/10/15,6.3464
10/11/15,6.3435
10/12/15,6.3406
10/13/15,6.3231
10/14/15,6.3408
10/15/15,6.3402
10/16/15,6.3436
10/17/15,6.346633333
10/18/15,6.349666667
10/19/15,6.3527
10/20/15,6.3614
10/21/15,6.3473
10/22/15,6.3497
10/23/15,6.3595
10/24/15,6.357966667
10/25/15,6.356433333
10/26/15,6.3549
10/27/15,6.3494
10/28/15,6.3536
10/29/15,6.3596
10/30/15,6.3495
10/31/15,6.338133333
11/1/15,6.326766667
11/2/15,6.3154
11/3/15,6.331
11/4/15,6.3343
11/5/15,6.3381
11/6/15,6.3459
11/7/15,6.349866667
11/8/15,6.353833333
11/9/15,6.3578
11/10/15,6.3602
11/11/15,6.3614
11/12/15,6.3628
11/13/15,6.3655
11/14/15,6.368666667
11/15/15,6.371833333
11/16/15,6.375
11/17/15,6.374
11/18/15,6.3796
11/19/15,6.3791
11/20/15,6.378
11/21/15,6.3809
11/22/15,6.3838
11/23/15,6.3867
11/24/15,6.3888
11/25/15,6.3877
11/26/15,6.3896
11/27/15,6.3915
11/28/15,6.393066667
11/29/15,6.394633333
11/30/15,6.3962
12/1/15,6.3973
12/2/15,6.3958
12/3/15,6.3982
12/4/15,6.3851
12/5/15,6.389566667
12/6/15,6.394033333
12/7/15,6.3985
12/8/15,6.4078
12/9/15,6.414
12/10/15,6.4236
12/11/15,6.4358
12/12/15,6.440366667
12/13/15,6.444933333
12/14/15,6.4495
12/15/15,6.4559
12/16/15,6.4626
12/17/15,6.4757
12/18/15,6.4814
12/19/15,6.479366667
12/20/15,6.477333333
12/21/15,6.4753
12/22/15,6.4746
12/23/15,6.4731
12/24/15,6.4755
12/25/15,6.4713
12/26/15,6.472533333
12/27/15,6.473766667
12/28/15,6.475
12/29/15,6.4864
12/30/15,6.4895
12/31/15,6.4936
1/1/16,6.496
1/2/16,6.4984
1/3/16,6.5008
1/4/16,6.5032
1/5/16,6.5169
1/6/16,6.5314
1/7/16,6.5646
1/8/16,6.5636
1/9/16,6.563266667
1/10/16,6.562933333
1/11/16,6.5626
1/12/16,6.5628
1/13/16,6.563
1/14/16,6.5616
1/15/16,6.5637
1/16/16,6.562133333
1/17/16,6.560566667
1/18/16,6.559
1/19/16,6.5596
1/20/16,6.5578
1/21/16,6.5585
1/22/16,6.5572
1/23/16,6.5567
1/24/16,6.5562
1/25/16,6.5557
1/26/16,6.5548
1/27/16,6.5533
1/28/16,6.5528
1/29/16,6.5516
1/30/16,6.552366667
1/31/16,6.553133333
2/1/16,6.5539
2/2/16,6.551
2/3/16,6.5521
2/4/16,6.5419
2/5/16,6.5314
2/6/16,6.52944
2/7/16,6.52748
2/8/16,6.52552
2/9/16,6.52356
2/10/16,6.5216
2/11/16,6.51964
2/12/16,6.51768
2/13/16,6.51572
2/14/16,6.51376
2/15/16,6.5118
2/16/16,6.513
2/17/16,6.5237
2/18/16,6.5152
2/19/16,6.5186
2/20/16,6.5179
2/21/16,6.5172
2/22/16,6.5165
2/23/16,6.5273
2/24/16,6.5302
2/25/16,6.5318
2/26/16,6.5338
2/27/16,6.5376
2/28/16,6.5414
2/29/16,6.5452
3/1/16,6.5385
3/2/16,6.549
3/3/16,6.5412
3/4/16,6.5284
3/5/16,6.5227
3/6/16,6.517
3/7/16,6.5113
3/8/16,6.5041
3/9/16,6.5106
3/10/16,6.5127
3/11/16,6.4905
3/12/16,6.490766667
3/13/16,6.491033333
3/14/16,6.4913
3/15/16,6.5079
3/16/16,6.5172
3/17/16,6.4961
3/18/16,6.4628
3/19/16,6.469333333
3/20/16,6.475866667
3/21/16,6.4824
3/22/16,6.4971
3/23/16,6.4936
3/24/16,6.515
3/25/16,6.5223
3/26/16,6.5226
3/27/16,6.5229
3/28/16,6.5232
3/29/16,6.506
3/30/16,6.4841
3/31/16,6.4612
4/1/16,6.4585
4/2/16,6.46045
4/3/16,6.4624
4/4/16,6.46435
4/5/16,6.4663
4/6/16,6.4754
4/7/16,6.4707
4/8/16,6.4733
4/9/16,6.4705
4/10/16,6.4677
4/11/16,6.4649
4/12/16,6.4616
4/13/16,6.4591
4/14/16,6.4891
4/15/16,6.4908
4/16/16,6.486766667
4/17/16,6.482733333
4/18/16,6.4787
4/19/16,6.47
4/20/16,6.4579
4/21/16,6.4803
4/22/16,6.4898
4/23/16,6.4972
4/24/16,6.5046
4/25/16,6.512
4/26/16,6.4882
4/27/16,6.4837
4/28/16,6.4954
4/29/16,6.4589
4/30/16,6.4583
5/1/16,6.4577
5/2/16,6.4571
5/3/16,6.4565
5/4/16,6.4943
5/5/16,6.5128
5/6/16,6.5202
5/7/16,6.516966667
5/8/16,6.513733333
5/9/16,6.5105
5/10/16,6.5233
5/11/16,6.5209
5/12/16,6.4959
5/13/16,6.5246
5/14/16,6.527833333
5/15/16,6.531066667
5/16/16,6.5343
5/17/16,6.52
5/18/16,6.5216
5/19/16,6.5531
5/20/16,6.551
5/21/16,6.549166667
5/22/16,6.547333333
5/23/16,6.5455
5/24/16,6.5468
5/25/16,6.5468
5/26/16,6.5552
5/27/16,6.549
5/28/16,6.5588
5/29/16,6.5686
5/30/16,6.5784
5/31/16,6.579
6/1/16,6.5889
6/2/16,6.5688
6/3/16,6.5793
6/4/16,6.569433333
6/5/16,6.559566667
6/6/16,6.5497
6/7/16,6.5618
6/8/16,6.5593
6/9/16,6.56354
6/10/16,6.56778
6/11/16,6.57202
6/12/16,6.57626
6/13/16,6.5805
6/14/16,6.5791
6/15/16,6.6001
6/16/16,6.5739
6/17/16,6.5795
6/18/16,6.5766
6/19/16,6.5737
6/20/16,6.5708
6/21/16,6.5656
6/22/16,6.5935
6/23/16,6.5658
6/24/16,6.5776
6/25/16,6.597566667
6/26/16,6.617533333
6/27/16,6.6375
6/28/16,6.6528
6/29/16,6.6324
6/30/16,6.6312
7/1/16,6.6496
7/2/16,6.6488
7/3/16,6.648
7/4/16,6.6472
7/5/16,6.6594
7/6/16,6.6857
7/7/16,6.682
7/8/16,6.6853
7/9/16,6.684966667
7/10/16,6.684633333
7/11/16,6.6843
7/12/16,6.695
7/13/16,6.6891
7/14/16,6.6891
7/15/16,6.6805
7/16/16,6.6857
7/17/16,6.6909
7/18/16,6.6961
7/19/16,6.6971
7/20/16,6.6946
7/21/16,6.6872
7/22/16,6.6669
7/23/16,6.673266667
7/24/16,6.679633333
7/25/16,6.686
7/26/16,6.6778
7/27/16,6.6671
7/28/16,6.6597
7/29/16,6.6511
7/30/16,6.6433
7/31/16,6.6355
8/1/16,6.6277
8/2/16,6.6451
8/3/16,6.6195
8/4/16,6.6444
8/5/16,6.6406
8/6/16,6.647566667
8/7/16,6.654533333
8/8/16,6.6615
8/9/16,6.6594
8/10/16,6.653
8/11/16,6.6255
8/12/16,6.6543
8/13/16,6.650533333
8/14/16,6.646766667
8/15/16,6.643
8/16/16,6.6305
8/17/16,6.6056
8/18/16,6.6273
8/19/16,6.6211
8/20/16,6.6358
8/21/16,6.6505
8/22/16,6.6652
8/23/16,6.6586
8/24/16,6.642
8/25/16,6.6602
8/26/16,6.6488
8/27/16,6.661066667
8/28/16,6.673333333
8/29/16,6.6856
8/30/16,6.6812
8/31/16,6.6908
9/1/16,6.6784
9/2/16,6.6727
9/3/16,6.677566667
9/4/16,6.682433333
9/5/16,6.6873
9/6/16,6.6676
9/7/16,6.6555
9/8/16,6.662
9/9/16,6.6684
9/10/16,6.675866667
9/11/16,6.683333333
9/12/16,6.6908
9/13/16,6.6726
9/14/16,6.6895
9/15/16,6.68732
9/16/16,6.68514
9/17/16,6.68296
9/18/16,6.68078
9/19/16,6.6786
9/20/16,6.6595
9/21/16,6.6738
9/22/16,6.6513
9/23/16,6.667
9/24/16,6.669466667
9/25/16,6.671933333
9/26/16,6.6744
9/27/16,6.6646
9/28/16,6.6681
9/29/16,6.67
9/30/16,6.6778
10/1/16,6.6801
10/2/16,6.6824
10/3/16,6.6847
10/4/16,6.687
10/5/16,6.6893
10/6/16,6.6916
10/7/16,6.6939
10/8/16,6.6962
10/9/16,6.6985
10/10/16,6.7008
10/11/16,6.7098
10/12/16,6.7258
10/13/16,6.7296
10/14/16,6.7157
10/15/16,6.7231
10/16/16,6.7305
10/17/16,6.7379
10/18/16,6.7303
10/19/16,6.7326
10/20/16,6.7311
10/21/16,6.7558
10/22/16,6.7602
10/23/16,6.7646
10/24/16,6.769
10/25/16,6.7744
10/26/16,6.7705
10/27/16,6.7736
10/28/16,6.7858
10/29/16,6.778566667
10/30/16,6.771333333
10/31/16,6.7641
11/1/16,6.7734
11/2/16,6.7562
11/3/16,6.7491
11/4/16,6.7514
11/5/16,6.758433333
11/6/16,6.765466667
11/7/16,6.7725
11/8/16,6.7817
11/9/16,6.7832
11/10/16,6.7885
11/11/16,6.8115
11/12/16,6.817366667
11/13/16,6.823233333
11/14/16,6.8291
11/15/16,6.8495
11/16/16,6.8592
11/17/16,6.8692
11/18/16,6.8796
11/19/16,6.8859
11/20/16,6.8922
11/21/16,6.8985
11/22/16,6.8779
11/23/16,6.8904
11/24/16,6.9085
11/25/16,6.9168
11/26/16,6.9126
11/27/16,6.9084
11/28/16,6.9042
11/29/16,6.8889
11/30/16,6.8865
12/1/16,6.8958
12/2/16,6.8794
12/3/16,6.881933333
12/4/16,6.884466667
12/5/16,6.887
12/6/16,6.8575
12/7/16,6.8808
12/8/16,6.8731
12/9/16,6.8972
12/10/16,6.901
12/11/16,6.9048
12/12/16,6.9086
12/13/16,6.8934
12/14/16,6.9028
12/15/16,6.9289
12/16/16,6.9508
12/17/16,6.944266667
12/18/16,6.937733333
12/19/16,6.9312
12/20/16,6.9468
12/21/16,6.9489
12/22/16,6.9435
12/23/16,6.9463
12/24/16,6.946166667
12/25/16,6.946033333
12/26/16,6.9459
12/27/16,6.9462
12/28/16,6.9495
12/29/16,6.9497
12/30/16,6.937
12/31/16,6.9402
1/1/17,6.9434
1/2/17,6.9466
1/3/17,6.9498
1/4/17,6.9526
1/5/17,6.9307
1/6/17,6.8668
1/7/17,6.8866
1/8/17,6.9064
1/9/17,6.9262
1/10/17,6.9234
1/11/17,6.9235
1/12/17,6.9141
1/13/17,6.8909
1/14/17,6.889733333
1/15/17,6.888566667
1/16/17,6.8874
1/17/17,6.8992
1/18/17,6.8525
1/19/17,6.8568
1/20/17,6.8693
1/21/17,6.865266667
1/22/17,6.861233333
1/23/17,6.8572
1/24/17,6.8331
1/25/17,6.8596
1/26/17,6.8588
1/27/17,6.8584
1/28/17,6.858
1/29/17,6.8576
1/30/17,6.8572
1/31/17,6.8568
2/1/17,6.8564
2/2/17,6.856
2/3/17,6.8556
2/4/17,6.857266667
2/5/17,6.858933333
2/6/17,6.8606
2/7/17,6.8604
2/8/17,6.8849
2/9/17,6.871
2/10/17,6.8819
2/11/17,6.884533333
2/12/17,6.887166667
2/13/17,6.8898
2/14/17,6.8806
2/15/17,6.8632
2/16/17,6.8629
2/17/17,6.8456
2/18/17,6.855166667
2/19/17,6.864733333
2/20/17,6.8743
2/21/17,6.879
2/22/17,6.883
2/23/17,6.8695
2/24/17,6.8655
2/25/17,6.8708
2/26/17,6.8761
2/27/17,6.8814
2/28/17,6.875